{
  "2025-08-08T17:53:22.595595": {
    "game_id": "20250808_175322",
    "start_time": "2025-08-08T17:52:39.018114",
    "end_time": "2025-08-08T17:53:22.595588",
    "winning_number": 5,
    "range": "1-50",
    "entry_cost": 1,
    "total_players": 2,
    "winners": [
      "7641493462"
    ],
    "prize_pool": 1,
    "players": {
      "1645207013": 13,
      "7641493462": 3
    }
  },
  "2025-08-08T18:00:25.870626": {
    "game_id": "20250808_180025",
    "start_time": "2025-08-08T17:58:59.153527",
    "end_time": "2025-08-08T18:00:25.870619",
    "winning_number": 12,
    "range": "1-30",
    "entry_cost": 5,
    "total_players": 2,
    "winners": [
      "1645207013"
    ],
    "prize_pool": 5,
    "players": {
      "7641493462": 5,
      "1645207013": 14
    }
  },
  "2025-08-08T18:04:54.939960": {
    "game_id": "20250808_180454",
    "start_time": "2025-08-08T18:04:12.409960",
    "end_time": "2025-08-08T18:04:54.939953",
    "winning_number": 15,
    "range": "1-1000",
    "entry_cost": 10,
    "total_players": 2,
    "winners": [
      "7641493462",
      "1645207013"
    ],
    "prize_pool": 10,
    "players": {
      "7641493462": 33,
      "1645207013": 33
    }
  },
  "2025-08-08T18:06:53.064069": {
    "game_id": "20250808_180653",
    "start_time": "2025-08-08T18:06:04.917413",
    "end_time": "2025-08-08T18:06:53.064061",
    "winning_number": 2,
    "range": "1-1000",
    "entry_cost": 10,
    "total_players": 2,
    "winners": [
      "7641493462",
      "1645207013"
    ],
    "prize_pool": 10,
    "players": {
      "7641493462": 1,
      "1645207013": 3
    }
  }
}